empresa,rentabilidad,volatilidad,sharpe,sortino,betas
NKE,0.4970093167240235,0.30912216548589266,1.6078087313564235,2.5745951413165766,1.3147034853074802
MSFT,0.44000923597710173,0.259985577079493,1.692437099472502,2.395940864963829,1.025989825177644
PG,0.13429475444830108,0.15512079338393145,0.8657430865242874,1.1971984444276935,0.8361917504575228
